{
    "1.0": [
        [
            0.08159473419189456,
            -0.09685352325439456,
            0.16475608825683596,
            -0.16055992126464846
        ],
        [
            -0.06446449279785155,
            0.23574726104736327,
            -0.15563766479492186,
            0.2029399108886718
        ],
        [
            0.608555908203125,
            -0.608555908203125,
            0.5269194793701172,
            -0.5192900848388672
        ]
    ],
    "1.01": [
        [
            0.3001797485351563,
            -0.3230688858032227,
            0.3440497207641602,
            -0.18268516540527346
        ],
        [
            0.02289302825927736,
            0.11634532928466795,
            0.06828887939453127,
            0.1121491622924804
        ],
        [
            -0.2276390838623047,
            0.3325442123413086,
            -0.2390831756591797,
            0.2879122543334961
        ]
    ]
}