{"0.000": [[0.0, 0.0, 0.0, 0.0],
  [-0.0, -0.0, -0.0, -0.0],
  [0.0, 0.0, 0.0, 0.0]],
 "0.25": [[0.261799, -1.3278754043579102, 0.261799, -0.261799],
  [-0.261799, -0.523599, -0.261799, -0.261799],
  [-0.261799, -0.2633731079101562, 0.0, 0.261799]],
 "0.5": [[0.261799, -1.8596527862548828, 0.261799, -0.261799],
  [-0.261799, -0.523599, -0.261799, -0.261799],
  [-0.261799, 0.36796882629394534, 0.0, 0.261799]],
 "0.75": [[0.261799, -1.0509245681762696, 0.261799, -0.261799],
  [-0.261799, -0.523599, -0.261799, -0.261799],
  [-0.261799, -0.7089364242553711, 0.0, 0.261799]],
 "1.0": [[0.261799, -1.8596527862548828, 0.261799, -0.261799],
  [-0.261799, -0.523599, -0.261799, -0.261799],
  [-0.261799, 0.36796882629394534, 0.0, 0.261799]],
 "1.25": [[0.261799, -1.0509245681762696, 0.261799, -0.261799],
  [-0.261799, -0.523599, -0.261799, -0.261799],
  [-0.261799, -0.7089364242553711, 0.0, 0.261799]],
 "1.5": [[0.261799, -1.8596527862548828, 0.261799, -0.261799],
  [-0.261799, -0.523599, -0.261799, -0.261799],
  [-0.261799, 0.36796882629394534, 0.0, 0.261799]],
 "1.75": [[0.261799, -1.0509245681762696, 0.261799, -0.261799],
  [-0.261799, -0.523599, -0.261799, -0.261799],
  [-0.261799, -0.7089364242553711, 0.0, 0.261799]],
 "2.0": [[0.261799, -0.10868003845214846, 0.261799, -0.261799],
  [-0.261799, -0.523599, -0.261799, -0.261799],
  [-0.261799, -0.0875127029418945, 0.0, 0.261799]],
 "2.25": [[0.0, 0.0, 0.0, 0.0],
  [-0.0, -0.0, -0.0, -0.0],
  [0.0, 0.0, 0.0, 0.0]]}