{
    "0.3": [
        [
            0.16132286071777346,
            -0.18535640716552737,
            0.25,
            -0.25
        ],
        [
            0.06752593994140627,
            0.16097824096679686,
            0.04272945404052736,
            0.15144054412841795
        ],
        [
            0.5177642059326172,
            -0.5288277816772461,
            0.4220143508911133,
            -0.4208699417114258
        ]
    ],
    "0.6": [
        [
            0.15941551208496096,
            -0.21968868255615237,
            0.09075000762939456,
            -0.13423851013183596
        ],
        [
            0.9121123123168946,
            -0.9124947357177735,
            0.09804351806640627,
            0.19798080444335936
        ],
        [
            0.20915042877197265,
            -0.12102996826171875,
            0.6127520751953125,
            -0.6074114990234375
        ]
    ],
    "1.0": [
        [
            0.4317887115478516,
            -0.3287909317016602,
            1.080297737121582,
            -0.9807322311401367
        ],
        [
            0.8503132629394532,
            -0.909824447631836,
            -0.13961593627929686,
            0.19378463745117186
        ],
        [
            0.16489994049072265,
            -0.11034881591796875,
            0.30223094940185546,
            0.05368602752685547
        ]
    ],
    "2.0": [
        [
            0.3989823150634766,
            -0.006825714111328152,
            1.491909294128418,
            -1.392344741821289
        ],
        [
            0.7698221969604493,
            -0.8064442443847657,
            -0.25176898956298827,
            0.25100605010986327
        ],
        [
            0.19541751861572265,
            -0.06533443450927734,
            -0.5179413604736328,
            0.3809918212890625
        ]
    ],
    "3.0": [
        [
            0.26126888275146487,
            -0.19413021087646487,
            1.7001946258544922,
            -1.5910933303833008
        ],
        [
            0.8144551086425782,
            -0.8709135818481446,
            -0.24413959503173827,
            0.19950668334960936
        ],
        [
            -0.05864513397216797,
            0.021641616821289067,
            -1.8946865844726561,
            1.8107622909545897
        ]
    ],
    "3.5": [
        [
            0.20252254486083987,
            0.01606246948242185,
            1.2885830688476563,
            -1.3007901000976563
        ],
        [
            0.274666862487793,
            -0.13695438385009767,
            -0.16708175659179686,
            0.28076164245605467
        ],
        [
            -0.05864513397216797,
            0.021641616821289067,
            -1.916431312561035,
            1.9534338760375975
        ]
    ],
    "4.0": [
        [
            0.20328548431396487,
            0.038188667297363255,
            0.4,
            -0.4
        ],
        [
            0.274666862487793,
            -0.08431060791015627,
            -0.11977855682373045,
            0.18119613647460936
        ],
        [
            -0.05864513397216797,
            0.022023086547851567,
            -0.9173468399047852,
            0.9810532379150391
        ]
    ],
    "4.1": [
        [
            0.7,
            0.7,
            0.4,
            -0.4
        ],
        [
            0.274666862487793,
            -0.08431060791015627,
            -0.11977855682373045,
            0.18119613647460936
        ],
        [
            -0.05864513397216797,
            0.022023086547851567,
            -0.9173468399047852,
            0.9810532379150391
        ]
    ],
    "4.2": [
        [
            -0.7,
            -0.7,
            0.4,
            -0.4
        ],
        [
            0.274666862487793,
            -0.08431060791015627,
            -0.11977855682373045,
            0.18119613647460936
        ],
        [
            -0.05864513397216797,
            0.022023086547851567,
            -0.9173468399047852,
            0.9810532379150391
        ]
    ],
    "4.3": [
        [
            0.7,
            0.7,
            0.4,
            -0.4
        ],
        [
            0.274666862487793,
            -0.08431060791015627,
            -0.11977855682373045,
            0.18119613647460936
        ],
        [
            -0.05864513397216797,
            0.022023086547851567,
            -0.9173468399047852,
            0.9810532379150391
        ]
    ],
    "4.4": [
        [
            -0.7,
            -0.7,
            0.4,
            -0.4
        ],
        [
            0.274666862487793,
            -0.08431060791015627,
            -0.11977855682373045,
            0.18119613647460936
        ],
        [
            -0.05864513397216797,
            0.022023086547851567,
            -0.9173468399047852,
            0.9810532379150391
        ]
    ],
    "4.4": [
        [
            0.0,
            0.0,
            0.4,
            -0.4
        ],
        [
            0.274666862487793,
            -0.08431060791015627,
            -0.11977855682373045,
            0.18119613647460936
        ],
        [
            -0.05864513397216797,
            0.022023086547851567,
            -0.9173468399047852,
            0.9810532379150391
        ]
    ]

}