{
    "0.02": [
        [
            0.16132286071777346,
            -0.18535640716552737,
            0.25,
            -0.25
        ],
        [
            0.06752593994140627,
            0.16097824096679686,
            -0.1,
            0.1
        ],
        [
            0.5177642059326172,
            -0.5288277816772461,
            0.42,
            -0.42
        ]
    ],
    "0.04": [
        [
            0.15941551208496096,
            -0.21968868255615237,
            0.1,
            -0.1
        ],
        [
            0.9121123123168946,
            -0.9124947357177735,
            -0.25,
            0.25
        ],
        [
            0.20915042877197265,
            -0.12102996826171875,
            0.6,
            -0.6
        ]
    ],
    "0.06": [
        [
            0.4317887115478516,
            -0.3287909317016602,
            1.0,
            -1.0
        ],
        [
            0.8503132629394532,
            -0.909824447631836,
            -0.2,
            0.2
        ],
        [
            0.16489994049072265,
            -0.11034881591796875,
            0.30223094940185546,
            0.05368602752685547
        ]
    ],
    "0.08": [
        [
            0.3989823150634766,
            -0.006825714111328152,
            1.491909294128418,
            -1.392344741821289
        ],
        [
            0.7698221969604493,
            -0.8064442443847657,
            -0.25176898956298827,
            0.25100605010986327
        ],
        [
            0.19541751861572265,
            -0.06533443450927734,
            -0.5,
            0.5
        ]
    ],
    "0.1": [
        [
            0.20252254486083987,
            0.01606246948242185,
            1.3,
            -1.3
        ],
        [
            0.274666862487793,
            -0.13695438385009767,
            -0.28,
            0.28
        ],
        [
            -0.05864513397216797,
            0.021641616821289067,
            -2.0,
            2.0
        ]
    ],
    "0.15": [
        [
            0.20328548431396487,
            0.038188667297363255,
            0.4,
            -0.4
        ],
        [
            0.274666862487793,
            -0.08431060791015627,
            -0.18,
            0.18
        ],
        [
            -0.05864513397216797,
            0.022023086547851567,
            -0.85,
            0.85
        ]
    ],
    "0.25": [
        [
            0.7,
            0.7,
            0.4,
            -0.4
        ],
        [
            0.274666862487793,
            -0.08431060791015627,
            -0.18,
            0.18
        ],
        [
            -0.05864513397216797,
            0.022023086547851567,
            -0.85,
            0.85
        ]
    ],
    "0.4": [
        [
            -0.7,
            -0.7,
            0.4,
            -0.4
        ],
        [
            0.274666862487793,
            -0.08431060791015627,
            -0.18,
            0.18
        ],
        [
            -0.05864513397216797,
            0.022023086547851567,
            -0.85,
            0.85
        ]
    ],
    "0.55": [
        [
            0.7,
            0.7,
            0.4,
            -0.4
        ],
        [
            0.274666862487793,
            -0.08431060791015627,
            -0.18,
            0.18
        ],
        [
            -0.05864513397216797,
            0.022023086547851567,
            -0.85,
            0.85
        ]
    ],
    "0.7": [
        [
            -0.7,
            -0.7,
            0.4,
            -0.4
        ],
        [
            0.274666862487793,
            -0.08431060791015627,
            -0.18,
            0.18
        ],
        [
            -0.05864513397216797,
            0.022023086547851567,
            -0.85,
            0.85
        ]
    ],
    "0.85": [
        [
            0.7,
            0.7,
            0.4,
            -0.4
        ],
        [
            0.274666862487793,
            -0.08431060791015627,
            -0.18,
            0.18
        ],
        [
            -0.05864513397216797,
            0.022023086547851567,
            -0.85,
            0.85
        ]
    ],
    "1.0": [
        [
            -0.7,
            -0.7,
            0.4,
            -0.4
        ],
        [
            0.274666862487793,
            -0.08431060791015627,
            -0.18,
            0.18
        ],
        [
            -0.05864513397216797,
            0.022023086547851567,
            -0.85,
            0.85
        ]
    ],
    "1.15": [
        [
            0.7,
            0.7,
            0.4,
            -0.4
        ],
        [
            0.274666862487793,
            -0.08431060791015627,
            -0.18,
            0.18
        ],
        [
            -0.05864513397216797,
            0.022023086547851567,
            -0.85,
            0.85
        ]
    ],
    "1.4": [
        [
            0.0,
            0.0,
            0.4,
            -0.4
        ],
        [
            0.274666862487793,
            -0.08431060791015627,
            -0.18,
            0.18
        ],
        [
            -0.05864513397216797,
            0.022023086547851567,
            0.0,
            0.0
        ]
    ],
    "1.6": [
        [
            0.16132286071777346,
            -0.18535640716552737,
            0.25,
            -0.25
        ],
        [
            0.06752593994140627,
            0.16097824096679686,
            -0.1,
            0.1
        ],
        [
            0.5177642059326172,
            -0.5288277816772461,
            0.42,
            -0.42
        ]
    ]

}