{
    "0.0": [
        [
            0.4424698638916016,
            -0.3226874160766602,
            0.3230679321289063,
            -0.453151969909668
        ],
        [
            0.12093265533447267,
            0.1602153015136718,
            -0.08773509979248045,
            0.14838878631591795
        ],
        [
            0.24996864318847656,
            -0.23890602111816406,
            0.24081336975097656,
            -0.15536224365234375
        ]
    ],
    "5.0": [
        [
            0.4424698638916016,
            -0.3226874160766602,
            0.3230679321289063,
            -0.453151969909668
        ],
        [
            0.4371758270263672,
            -0.5119448471069337,
            -0.08773509979248045,
            0.14838878631591795
        ],
        [
            0.24996864318847656,
            -0.23890602111816406,
            0.24081336975097656,
            -0.15536224365234375
        ]
    ],
    "10.0": [
        [
            0.09113147735595706,
            -0.006444244384765652,
            1.423625259399414,
            -1.4442255783081055
        ],
        [
            0.4371758270263672,
            -0.5119448471069337,
            -0.11214916229248045,
            -0.0011492538452148593
        ],
        [
            0.006968612670898433,
            0.06017101287841797,
            -0.8299883651733398,
            0.8791989135742188
        ]
    ],
    "15.0": [
        [
            0.14301231384277346,
            -0.007970123291015652,
            0.4489548492431641,
            -0.6404564666748047
        ],
        [
            0.14992435455322267,
            -0.06447418212890632,
            -0.07476512908935545,
            0.05950538635253905
        ],
        [
            0.028330917358398433,
            0.6426838684082031,
            -0.5251902389526367,
            0.7556008148193359
        ]
    ],
    "20.0": [
        [
            -0.009196968078613255,
            0.09617301940917966,
            -1.0857207489013672,
            0.7214114379882812
        ],
        [
            0.15145023345947267,
            -0.04044158935546882,
            0.09918792724609377,
            0.24146930694580077
        ],
        [
            0.028712387084960933,
            0.6438282775878906,
            0.21792423248291015,
            0.14943588256835938
        ]
    ],
    "25.0": [
        [
            0.14301231384277346,
            -0.007970123291015652,
            0.4489548492431641,
            -0.6404564666748047
        ],
        [
            0.14992435455322267,
            -0.06447418212890632,
            -0.07476512908935545,
            0.05950538635253905
        ],
        [
            0.028330917358398433,
            0.6426838684082031,
            -0.5251902389526367,
            0.7556008148193359
        ]
    ],
    "30.0": [
        [
            0.09113147735595706,
            -0.006444244384765652,
            1.423625259399414,
            -1.4442255783081055
        ],
        [
            0.4371758270263672,
            -0.5119448471069337,
            -0.11214916229248045,
            -0.0011492538452148593
        ],
        [
            0.006968612670898433,
            0.06017101287841797,
            -0.8299883651733398,
            0.8791989135742188
        ]
    ],
    "35.0": [
        [
            0.4424698638916016,
            -0.3226874160766602,
            0.3230679321289063,
            -0.453151969909668
        ],
        [
            0.12093265533447267,
            0.1602153015136718,
            -0.08773509979248045,
            0.14838878631591795
        ],
        [
            0.24996864318847656,
            -0.23890602111816406,
            0.24081336975097656,
            -0.15536224365234375
        ]
    ]
}